{"cameraMode":{"drawMode":0,"name":"Shaded","section":"Shading Mode"},"sceneLighting":true,"audioPlay":false,"sceneViewState":{"showFog":true,"showMaterialUpdate":false,"showSkybox":true,"showFlares":true,"showImageEffects":true,"showParticleSystems":true},"in2DMode":false,"pivot":{"x":-558.4332885742188,"y":-375.2435607910156,"z":-276.09814453125},"rotation":{"x":-0.0683995708823204,"y":0.9012781977653503,"z":-0.15453386306762696,"w":-0.39892253279685976},"size":601.3667602539063,"orthographic":false}