{"cameraMode":{"drawMode":0,"name":"Shaded","section":"Shading Mode"},"sceneLighting":true,"audioPlay":false,"sceneViewState":{"showFog":true,"showMaterialUpdate":false,"showSkybox":true,"showFlares":true,"showImageEffects":true,"showParticleSystems":true},"in2DMode":false,"pivot":{"x":-1.8249622583389283,"y":0.519737184047699,"z":-4.8280229568481449},"rotation":{"x":0.05335266888141632,"y":0.941450834274292,"z":-0.2807456851005554,"w":0.17891299724578858},"size":7.577182769775391,"orthographic":false}