{"cameraMode":{"drawMode":0,"name":"Shaded","section":"Shading Mode"},"sceneLighting":true,"audioPlay":false,"sceneViewState":{"showFog":true,"showMaterialUpdate":false,"showSkybox":true,"showFlares":true,"showImageEffects":true,"showParticleSystems":true},"in2DMode":false,"pivot":{"x":-0.9039620757102966,"y":-0.3663712441921234,"z":-6.3990583419799809},"rotation":{"x":-0.013091268949210644,"y":0.9861841797828674,"z":-0.13426050543785096,"w":-0.09615961462259293},"size":9.399999618530274,"orthographic":false}