{"cameraMode":{"drawMode":0,"name":"Shaded","section":"Shading Mode"},"sceneLighting":true,"audioPlay":false,"sceneViewState":{"showFog":true,"showMaterialUpdate":false,"showSkybox":true,"showFlares":true,"showImageEffects":true,"showParticleSystems":true},"in2DMode":false,"pivot":{"x":-0.4247758388519287,"y":0.5197372436523438,"z":-4.27590274810791},"rotation":{"x":0.05335266888141632,"y":0.941450834274292,"z":-0.2807456851005554,"w":0.17891299724578858},"size":5.251915454864502,"orthographic":false}